{"cameraMode":{"drawMode":0,"name":"Shaded","section":"Shading Mode"},"sceneLighting":true,"audioPlay":false,"sceneViewState":{"showFog":true,"showMaterialUpdate":false,"showSkybox":true,"showFlares":true,"showImageEffects":true,"showParticleSystems":true},"in2DMode":false,"pivot":{"x":-23.96890640258789,"y":-11.1950101852417,"z":-1.5266752243041993},"rotation":{"x":-0.14848527312278748,"y":0.7133650779724121,"z":-0.15900525450706483,"w":-0.6661680340766907},"size":34.6733283996582,"orthographic":false}