{"cameraMode":{"drawMode":0,"name":"Shaded","section":"Shading Mode"},"sceneLighting":true,"audioPlay":false,"sceneViewState":{"showFog":true,"showMaterialUpdate":false,"showSkybox":true,"showFlares":true,"showImageEffects":true,"showParticleSystems":true},"in2DMode":false,"pivot":{"x":7.671781539916992,"y":-1.103374719619751,"z":-0.45861580967903139},"rotation":{"x":-0.08786913752555847,"y":-0.7213946580886841,"z":0.09313834458589554,"w":-0.680583655834198},"size":15.299785614013672,"orthographic":false}