{"cameraMode":{"drawMode":0,"name":"Shaded","section":"Shading Mode"},"sceneLighting":true,"audioPlay":false,"sceneViewState":{"showFog":true,"showMaterialUpdate":false,"showSkybox":true,"showFlares":true,"showImageEffects":true,"showParticleSystems":true},"in2DMode":false,"pivot":{"x":29.284393310546876,"y":-23.567543029785158,"z":-0.7325643301010132},"rotation":{"x":-0.22793082892894746,"y":-0.6688318252563477,"z":0.22752174735069276,"w":-0.6700339317321777},"size":45.202022552490237,"orthographic":false}