{"cameraMode":{"drawMode":0,"name":"Shaded","section":"Shading Mode"},"sceneLighting":false,"audioPlay":false,"sceneViewState":{"showFog":true,"showMaterialUpdate":false,"showSkybox":true,"showFlares":true,"showImageEffects":true,"showParticleSystems":true},"in2DMode":false,"pivot":{"x":-6.195342540740967,"y":0.10859012603759766,"z":-8.333602905273438},"rotation":{"x":-0.22335824370384217,"y":0.2812245190143585,"z":-0.06748047471046448,"w":-0.9308438897132874},"size":26.317628860473634,"orthographic":false}