{"cameraMode":{"drawMode":0,"name":"Shaded","section":"Shading Mode"},"sceneLighting":true,"audioPlay":false,"sceneViewState":{"showFog":true,"showMaterialUpdate":false,"showSkybox":true,"showFlares":true,"showImageEffects":true,"showParticleSystems":true},"in2DMode":false,"pivot":{"x":-0.9914445877075195,"y":0.5586369037628174,"z":-1.0392906665802003},"rotation":{"x":-0.20490288734436036,"y":-0.42303338646888735,"z":0.09882741421461106,"w":-0.877092182636261},"size":6.766249656677246,"orthographic":false}